name,num,prefix
ALIMENTATIONS DEN-FA LTEE,070572-1,FA
FA Systems Technologies Inc.,1754533-9,FA
FA MGT GENERAL PARTNER INC.,912686-4,FA
LES FOYERS CLARI-FA INC.,021226-1,FA
FA DO LA PRODUCTIONS INC.,430131-5,FA
EQUIPEMENT INDUSTRIEL FA-MEC M3D INC.,248045-0,FA
FA BANCORP INC.,606664-0,FA
Canada Fa Yuan,1462568-4,FA
FA Collections Corp.,1242104-6,FA
FA Cybersecurity Inc.,1700304-8,FA
FA PRODUCTIONS INC.,659328-3,FA
FA Servers Inc.,819954-0,FA
SOSO-FA Inc.,933678-8,FA
FA GROUP INC.,1237682-2,FA
FA PharmaServices Inc.,1465931-7,FA
FA6 Trading corporation,1098450-7,FA
FA ABW PARTNER INC.,867999-1,FA
FA ABW GP INC.,868005-1,FA
DONG FA (CANADA) CORPORATION,293299-7,FA
FA-SOL CANADA INC.,337201-4,FA
FA Capital Management Inc.,426638-2,FA
FA Cargo Express Inc.,1102109-5,FA
FA Ottawa Construction Inc.,1676737-1,FA
FA Sandhu construction Ltd.,1763324-6,FA
FA Rental Consulting Inc.,1244251-5,FA
GI.FA. CONTRACTING Inc.,896107-7,FA
FA.OR. CONTRACTING Inc.,1100752-1,FA
Qing Fa Trading Corp.,727335-5,FA
FA (Terminal) GP Corp.,1447795-2,FA
Fa` Vecchia Food Corporation,313038-0,FA
QI FA FOOD CORPORATION,1151089-4,FA
FA Duopoly Ventures Inc.,1554487-4,FA
"FA Equipment Finance, Inc.",758396-6,FA
GESTION FA-FOR LTEE.,105891-6,FA
MING FA TRADING LTD.,1011246-1,FA
YUE FA TRADING INC.,231629-3,FA
FA ZHAN UNITED INC.,705013-5,FA
"INCA FA Retailer, Ltd.",929695-6,FA
TONG FA TECHNOLOGY INC.,973123-7,FA
Property Management FA Inc.,1027254-0,FA
FA JOBS SOLUTION LTD.,1078197-5,FA
FA Financial Strategies Inc.,1541886-1,FA
3FA CORE SERVICES LIMITED,1753392-6,FA
Ba and Fa Shop Ltd.,1380038-5,FA
Holistic Nutrition by Fa Inc.,1620608-5,FA
Canadian FA Injection Technology Inc.,404360-0,FA
GUANG FA TRADING COMPANY LIMITED,366796-1,FA
FA TEXTILE DESIGNS INTERNATIONAL INC.,604572-3,FA
FA-LA-DO DISTRIBUTIONS INC.,134802-7,FA
FA STANDARD FOOD EQUIPMENT INCORPORATED,1351040-9,FA
FA FLOORING INSTALLATION SERVICES INC.,1434913-0,FA
Le Groupe FA2L Inc.,440832-2,FA
FA3RIK AI TECHNOLOGIES INC.,1209118-6,FA
LES PRODUCTIONS CL&Eacute; DE FA INC.,272100-7,FA
Tong Fa Global Recycling Materials Inc.,698006-6,FA
FA-YI CHONG-DE GUANG-HUI ASSOCIATION,750028-9,FA
FA&amp;J Real Estate Investors &amp; Developers Inc.,655739-2,FA
LES PRODUCTIONS FOLKLORIQUES INTERNATIONALES NA-FA INC.,076487-6,FA
FB Wound Inc.,1022131-7,FB
FB DERMATOLOGY CANADA INC.,1061162-0,FB
FB PCB DESIGNS INC.,776302-6,FB
MARBLE FB ENTERPRISES INC.,414806-1,FB
GESTION GARANTIE FB INC.,931898-4,FB
Bois de l&#39;Est FB Inc.,391328-7,FB
Bois de I&#39;Est FB (2005) Inc.,364106-6,FB
19 FB INC.,336177-2,FB
3FB LTD.,787387-5,FB
FB ACADEMY INC.,1462596-0,FB
FB APPLIANCES LTD.,1614687-2,FB
FB Precision Inc.,1567696-7,FB
FB Plumbing Ltd.,1683558-9,FB
FB_ROM Consulting Inc.,425287-0,FB
FB Expert Solutions Inc.,1151955-7,FB
NORD MECANIQUE FB INC.,028860-8,FB
Holding France FB Inc.,1530096-7,FB
FK &amp; FB Transportations Inc.,1621237-9,FB
Ziad FB PREC Inc.,1661135-4,FB
FB2B CONSTRUCTION INC.,673936-9,FB
FB2B CAPITAL INC.,673938-5,FB
FB2B Media Inc.,693265-7,FB
FB2U REALTY CORP.,974417-7,FB
FB4Eng Consulting Inc.,1578109-4,FB
BOUTIQUE SPACE FB CANADA INC.,415363-4,FB
FB  FLORENCE BROWN CANADA INC.,1545039-0,FB
FB Inspection &amp; Consultation Services Inc.,856942-8,FB
FB2B LIMO SERVICES INC.,674076-6,FB
FC L&eacute;gal inc.,1423540-1,FC
FC Vision 360 Inc.,1181344-7,FC
FC Applied Research Centre,964057-6,FC
FC Agriculture GP 1 Inc.,1027196-9,FC
FC Flight Critical Consulting Inc.,1404729-0,FC
CUT FC,1400490-6,FC
DASHMESH FC,1535816-7,FC
horyal fc,946119-1,FC
Friends FC,1245755-5,FC
Retro FC,1418255-3,FC
TRICITY FC,1500038-6,FC
NEXTGEN FC,1588114-5,FC
GORKHALI FC,1610193-3,FC
1812 FC BARRIE,1239503-7,FC
AE.FC Inc.,1750793-3,FC
aesthetics FC Inc.,1252929-7,FC
AFRIQUE FC TORONTO,1104947-0,FC
FC Brothers Inc.,685709-4,FC
CINEFLIX (FC) INC.,756923-8,FC
FC LENDERS CORP.,817702-3,FC
FC Daniel-Johnson,1403189-0,FC
Himalayan Dynamos FC,1584370-7,FC
Eagles FC Inc.,1525506-6,FC
FC Entertainment Inc.,1265245-5,FC
FC TIGERS INC.,1192613-6,FC
Lyntell (FC) INC.,232999-9,FC
FC PHARMA INC.,340525-7,FC
GLOBALE FC INC.,355049-4,FC
FC PHARMA INC.,418985-0,FC
FC LINERS INC.,791597-7,FC
Palestine FC Inc.,1128565-3,FC
RED FORCE FC,1141431-3,FC
Total FC Ltd.,1223444-1,FC
Pathway FC Ltd.,1228156-2,FC
FC LEASECO INC.,1301532-7,FC
Summer FC Inc.,1387171-1,FC
FC Lifestyle Limited,1407330-4,FC
Nepalese Peel FC,1426135-6,FC
Prostars FC Foundation,1433748-4,FC
Whales FC Inc.,1447332-9,FC
Grand Lakers FC,1508439-3,FC
INTER NIAGARA FC,1591483-3,FC
Magnet FC INC.,1616266-5,FC
Intamba-Junior FC,1639905-3,FC
Rosso Nero FC,1761447-1,FC
Vanguard FC Foundation,1768815-6,FC
1FC Insurance Inc.,670728-9,FC
1FC Wealth Inc.,1183532-7,FC
AO10FC Inc.,1469377-9,FC
FC149 HOLDINGS INC.,1587427-1,FC
Rolan Classics FC Academy,996202-6,FC
FC ADS &amp; REMARKETING INC.,1460298-6,FC
The FC ARC Corporation,1177751-3,FC
FC TIGERS SOCCER ASSOCIATION,1322232-2,FC
ATLETICO CANADIANS FC INC.,1169820-6,FC
Toronto Bolts FC Limited,1062459-4,FC
CRUZEIRO FC CARPENTRY INC.,1408368-7,FC
The FC Company Inc.,923071-8,FC
Conseils TI FC Inc.,901854-9,FC
FC STAR CONSTRUCTION INC.,1527402-8,FC
FC GENERAL CONSTRUCTION LTD.,1576486-6,FC
FC &Eacute;l&eacute;gance Corporation Inc.,1746677-3,FC
Crombie FC Properties Limited,1111153-1,FC
De Lio FC Inc.,1393964-2,FC
Fc drywall finisher Inc.,1293373-0,FC
FC Entertainment &amp; Hospitality Inc.,1359361-4,FC
Etobicoke Storm Fc Inc.,1734794-4,FC
FC INNOVATIVE SYSTEMS INC.,286205-1,FC
PARTNERS FC VI INC.,768486-0,FC
FC Fire Services Inc.,795461-1,FC
MAGIC SERVICE FC LTD.,849846-6,FC
Midori Market FC Inc.,870842-8,FC
London Great Wall FC,1161788-5,FC
JP Renovations FC Ltd.,1184137-8,FC
International FC Soccer School,1256355-0,FC
FC World IT Incorporated,1328629-1,FC
WESTON PILLARS FC.ORG,1409318-6,FC
WOODSTOCK PUNJAB FC WPFC,1423936-9,FC
FC INVESTMENT GROUP INC.,1446460-5,FC
Reforms FC of Toronto,1495397-5,FC
Holding Fran&ccedil;oys FC Inc.,1530115-7,FC
GTA UNITED FC INC.,1589861-7,FC
Mouton FC services Inc.,1719731-4,FC
Oakville United FC INC.,1743729-3,FC
G2FC Holdings Inc.,923331-8,FC
FC Innovations and Services Inc.,983995-0,FC
APACHE FC CANADA ENTERPRISES INC.,397798-6,FC
APACHE FC CANADA ENTERPRISES INC.,397824-9,FC
Taxreturns.ca FC-EP Inc.,372035-7,FC
RAVENNA FC CA HOLDCO INC.,1767947-5,FC
FC Longterm Care Services Inc.,1623256-6,FC
Condor FC Soccer Club Corp.,1451518-8,FC
PROFESSIONAL FINANCIAL CORPORATION (PRO FC),1161472-0,FC
DIRIAGEN FC JANITORIAL SERVICES INC.,1732642-4,FC
NEW-GEN PAINTING FC INC.,1117685-4,FC
FC-Paradigm Investment Group Inc.,1227153-2,FC
FC Private Equity 1 GP Inc.,1086406-4,FC
FC PRIVATE CREDIT GP 1 INC.,1186963-9,FC
FC SENIOR CREDIT GP 1 INC.,1437817-2,FC
FC SUSTAINABLE TIMBERLAND GP 1 INC.,1468434-6,FC
Men of Valour Prayer_FC_AFM_Canada,1304688-5,FC
MEGA CITY FC &amp; PARA SOCCER SOCIAL DEVELOPMENT CLUB,1278872-1,FC
Agence FD&amp;C Lt&eacute;e,1237653-9,FD
FD&amp;C ENTERPRISES LTD.,1305127-7,FD
Capital Int&eacute;gr&eacute; FD Inc.,734417-1,FD
DISTRIBUTION VISITEL FD INC.,237594-0,FD
Capital Int&eacute;gr&eacute; FD 2 inc.,1612616-2,FD
Capital Int&eacute;gr&eacute; FD 3 inc.,1612673-1,FD
THE COMBAT GAME FD INC.,170205-0,FD
FD1,1200981-1,FD
58fd Inc.,1085608-8,FD
AJ&amp;FD Corp.,850568-3,FD
ALPHASHINE FD INC.,1326872-1,FD
FD Apparel Limited,988812-8,FD
Lucky Bear FD,1102540-6,FD
FD BUILDERS INC.,1334458-4,FD
FD Foods Corp.,1409869-2,FD
FD PHARMACY INC.,195292-7,FD
FD Squared Inc.,1112255-0,FD
FD ProTennisTips Inc.,1176939-1,FD
FD Solutions Inc.,1679610-9,FD
FD Systems Canada Inc.,1125170-8,FD
CF FD Studios Inc.,1153832-2,FD
RENO-FD Construction Inc.,975851-8,FD
FD.Prestige Construction Inc.,1430945-6,FD
FD-KR Consulting INC.,781422-4,FD
FD Media Consulting Inc.,1486201-5,FD
FD Nursing Services Inc.,1571039-1,FD
FD&amp;N Real Estate Inc.,1447097-4,FD
SUSHI TRI EXPRESS FD INC.,902872-2,FD
Productions Carolyn Fe Inc.,866309-2,FE
FE-U DESIGNS INC.,655630-2,FE
IMPRESSION FE&amp;DO INC.,639800-6,FE
Fe Gallery &amp; Studio Limited,1472722-3,FE
Les Constructions SANTA FE Inc.,301866-1,FE
SANTA FE AT WOOD INC.,302095-9,FE
SANTA FE CANADIAN MINING LIMITED,270350-5,FE
Les productions F&eacute;-Kif-Lau Inc.,444844-8,FE
SANTA FE LUGGAGE AND LEATHER INC.,289652-4,FE
FE&#39;E FE&#39;E Ontario,1589088-8,FE
FE2000 Inc.,314109-8,FE
CPM FE Corp.,1700599-7,FE
FE EXCLUSIVE LTD.,784749-1,FE
HBS@fe Inc.,1424528-8,FE
Fe26 Canada Inc.,1356264-6,FE
FE4C INC.,1750550-7,FE
ACRES SANTA FE INCORPORATED,067264-5,FE
ADMINISTRATION FE BE INC.,015649-3,FE
FE-ANA PROPERTIES CORP.,975606-0,FE
C/Fe Studios Inc.,1609972-6,FE
Fe Pharmaceuticals (Canada) Inc.,782874-8,FE
CrossPointe Casa de Fe,1284368-4,FE
Santa Fe Consulting Inc.,1346921-2,FE
FRANSEN ENGINEERING (FE) LTD.,771605-2,FE
SANTA FE ENTERTAINMENT INC.,284583-1,FE
SANTA FE RESOURCES LTD.,008703-3,FE
GALERIES SANTA FE INC.,243659-1,FE
&quot;Fe Viva&quot; World Missions,371968-5,FE
FE WRN Ontario Inc.,640026-4,FE
FE Retail Group Inc.,948225-3,FE
FE-ME FRAME INC.,1094387-8,FE
ARN-FE-LIN HOLDINGS LTD.,031601-6,FE
Santa Fe Land &amp; Cattle Inc.,699449-1,FE
NE-RI-FE ENTERPRISES INC.,250288-7,FE
Odo Ye Fe Association of Toronto,1766284-0,FE
SANTA FE SOUTHWESTERN GRILL (RENFREW) INC.,778381-7,FE
LOADSTONE FE3O4 ENTERPRISES INC.,615196-5,FE
FF.M.O. OF CANADA LIMITED,042758-6,FF
MONTEBELLO EGYPTIAN BLOODSTOCK INVESTMENTS FF INC.,306691-6,FF
"MICRO PROCESSOR MEASURING SYSTEMS FF INC,.",205136-2,FF
DENTISTERIE FF INC.,1129875-5,FF
FF Ventures Inc.,1105594-1,FF
FF Management Inc.,1249551-1,FF
FF PRODUCTIONS INC.,1298346-0,FF
Flyfish.ff Ltd.,1456650-5,FF
FF3 Media Inc.,1696402-8,FF
FF EDIBLE BEANS LTD.,261118-0,FF
FF INTL CO Corporation,393226-5,FF
Edward FF Property Inc.,1463139-1,FF
FF/POST MONTR&Eacute;AL INC.,751343-7,FF
FF Finally Financed Inc.,911656-7,FF
Karwal FF Moncton Inc.,1262107-0,FF
22-23 FF Logistics Inc.,1566418-7,FF
"FF5 Productions Canada, Inc.",756181-4,FF
FF International Express Co; Ltd.,1526354-9,FF
IMPRIMERIE VENUS (FG) LTEE,046742-1,FG
Services Juridiques FG Inc.,1420168-0,FG
FG FREELANCE PRODUCER INC.,1647886-7,FG
FG Baseline Ltd.,1665575-1,FG
FG Capital Ltd.,1062931-6,FG
FG Con Inc.,1237143-0,FG
FG FINANCE CORPORATION,320863-0,FG
FG PREC Corporation,1329951-1,FG
FG Hospitality Inc.,690855-1,FG
FG Teknologie inc.,854529-4,FG
FG POWER Ltd.,1274940-8,FG
FG Pro Inc.,1424822-8,FG
FG Filtration Inc.,1459513-1,FG
FG Stores Ltd.,1581423-5,FG
FG Canada Holdings Inc.,1547902-9,FG
FG Capital Investments Inc.,1280421-2,FG
FG Sunshine Cleaning Inc.,864348-2,FG
FG FAMILY HOMES INC.,1330850-2,FG
Mat&eacute;riaux recycl&eacute;s FG Inc.,1218910-1,FG
FG Learning Solutions Inc.,1404494-1,FG
FG FREIGHTLINES GROUP LTD.,1777215-7,FG
SKINREVIVE AESTHETICS BY FG LIMITED,1509695-2,FG
Great Toronto  FG Construction Inc.,1736918-2,FG
Distribution de quai FG inc.,1682695-4,FG
GROUPE GOSSELIN PRODUCTION FG INC.,346430-0,FG
GROUPE GOSSELIN PRODUCTION FG INC.,907618-2,FG
GROUPE GOSSELIN PRODUCTION FG INC.,956284-2,FG
FG Investment PC30W Inc.,1279943-0,FG
FH CANADA,224172-2,FH
FH Education Corp.,1022556-8,FH
FH Excavating Inc.,1603066-1,FH
FH Unlimited Inc.,1016753-3,FH
Gestion FH Inc.,823030-7,FH
FH TECH INC.,702051-1,FH
FH. Trading Ltd.,1541679-5,FH
FH Holdings Inc.,1542985-4,FH
CDN - FH INVESTMENTS INC. / LES INVESTISSEMENTS CDN - FH INC.,1073789-5,FH
FH2Globe Inc.,884082-2,FH
FH4S INC.,692096-9,FH
FH Brand International Inc.,1394864-1,FH
FH Structural Solutions Ltd.,1563823-2,FH
FH Film Fund Inc.,1602686-9,FH
FH South (III) Equities Inc.,1751717-3,FH
FI-AGRA LIMITED,128895-4,FI
FI MANAGEMENT SERVICES INC. -,089936-4,FI
MANA-FI-MARK MASOU LTEE,026191-2,FI
SCI-FI CREATURE PRODUCTIONS (MUSE) INC.,700413-3,FI
KB SCI-FI PRODUCTIONS (MUSE) INC.,679081-0,FI
LES VETEMENTS DE SPORTS FI-FO-FUN INC.,291438-7,FI
FI-BAL INC.,037675-2,FI
Bryde FI Inc.,1075180-4,FI
FI Camps Inc.,1496459-4,FI
Fi-Can Club,902569-3,FI
FI Capital Ltd.,650378-1,FI
CLOUD-FI INC.,960926-1,FI
QUAENET Fi Corp.,1070844-5,FI
FI Travel Corporation,364214-3,FI
Fen-Fi Inc.,1582004-9,FI
FI FERRUM INC.,1194658-7,FI
FI PARTNERS LTD.,864575-2,FI
Lu-Fi Inc.,975520-9,FI
FI REAL INC.,1022461-8,FI
Quad-Fi Inc.,1088096-5,FI
FI WINDOWS LTD.,1219748-1,FI
FI TECHNOLOGIES INC.,1375546-1,FI
FI Solutions Inc.,1598201-4,FI
FI 2020 JV Inc.,397913-0,FI
FI56TY Inc.,907255-1,FI
All Wi-Fi Inc.,618677-7,FI
Be.Fi Plaza Inc.,1639625-9,FI
Berry-Fi Gifts Inc.,1566935-9,FI
HI FI CITY INC.,126126-6,FI
CO SO FI LTEE,178347-5,FI
Why Fi Consulting Inc.,1386855-9,FI
FI-SOUND CORPORATION LIMITED,043232-6,FI
DEL-FI RECORDS INC.,226428-5,FI
FI Design Studio Inc.,1767514-3,FI
Fi Di Kulcha Inc.,1441428-4,FI
Semper Fi Digital Inc.,1102383-7,FI
DOYLE HI-FI LTD.,045171-1,FI
KOE-FI RENOVATIONS INC.,055810-9,FI
Planet Hi-Fi Inc.,1199763-7,FI
Sci-Fi Pi Inc.,360189-7,FI
SLI-FI MEDIA INC.,378831-8,FI
hi-fi + room inc.,433518-0,FI
Lockridge Hi-Fi Inc.,624635-4,FI
SKY-FI NETWORKS INC.,908014-7,FI
Sei FI Trustee Inc.,1075183-9,FI
FI Product Management Inc.,1159588-1,FI
Hi-Fi Handiwork Inc.,1188481-6,FI
Mid-Fi Media Inc.,1271880-4,FI
Jamaica Fi Pickney Inc.,1652204-1,FI
Hi-Fi Guys Inc.,1747267-6,FI
HI FI ASSOCIATES CANADA INC.,639508-2,FI
TAK FI BUSINESS DEVELOPMENT INC.,236681-9,FI
Fi-vista Sales (Canada) LTD.,679193-0,FI
Uni-Fi Disc Storage Inc.,630650-1,FI
PVA SON HI FI LTD.,072228-6,FI
LES PLACEMENTS FI-ROIS INC.,080544-1,FI
GESTION FI-LA-MO INC.,296822-3,FI
SO*FI* FIRE AND GLASS Inc.,1495647-8,FI
The Original Hi-Fi Hymn Book,447779-1,FI
FI-PAC RESOURCES OF CANADA LIMITED,157465-5,FI
SKY-FI SATELLITE SYSTEMS (CANADA) CORP.,188642-8,FI
SLC Management Core FI GP Inc.,1000677-7,FI
DISTRIBUTION ELECTRONIQUE Z HI-FI INC.,187006-8,FI
FI Technology Solutions and Management Consulting Inc.,1493134-3,FI
LE COUPLE DU SON HI-FI INC.,127925-4,FI
SLC Management Long Term Core FI GP Inc.,1000680-7,FI
FJ3 INC.,1551562-9,FJ
EOS FJ INC.,761962-6,FJ
FJ HOMES LTD.,989572-8,FJ
FJ Kart Ltd.,1605983-0,FJ
FJ CONSTRUCTION ENTERPRISE INC.,893258-1,FJ
FJ Property Management Corp.,1554476-9,FJ
FJ GHOUS LOGISTICS CORPORATION,1384528-1,FJ
FJ Urban Developments Inc.,1678957-9,FJ
FJ Electronic Expert Ltd.,959809-0,FJ
FJ STRATEGIC SOLUTIONS INC.,900811-0,FJ
FJ TEJO RENOVATIONS INC.,992998-3,FJ
FJ TEAM SERVICES INC.,1051003-3,FJ
FJ Interlocking &amp; Paving LTD.,1278126-3,FJ
FJ TECH SHOPPER INC.,1449282-0,FJ
FJ Associates Consulting Services Inc.,695481-2,FJ
FJ &amp; Son&#39;s  Auto Gallery Inc.,1590098-1,FJ
FJ Bern Management &amp; Services Corp.,1667678-2,FJ
FJ Martel Consulting Services Inc.,760882-9,FJ
LES ENTREPRISES FJ SUERMONDT INC.,449097-5,FJ
GROUPE FK13 INC.,983756-6,FK
AGENCE FK13 INC.,985059-7,FK
FK7 S&Eacute;CURIT&Eacute; INC.,1398341-2,FK
INVESTISSEMENT CONDOMINIUM CAMDEN FK INC.,350735-1,FK
FK Canada Inc.,1173060-6,FK
FK&amp;E INC.,1055946-6,FK
SK &amp; FK INCORPORATED,638681-4,FK
PLACEMENTS FK INC.,808258-8,FK
FK LASH INC.,1122912-5,FK
FK EXIM CANADA INC.,251378-1,FK
FK &amp; FB Transportations Inc.,1621237-9,FK
FK AFRICAN CANADIAN GROCERY STORE CORP.,1528385-0,FK
FL TRANSIT INC.,1392538-2,FL
FL510 AVIATION INC.,865767-0,FL
FL &amp; L Heritage Inc.,1724346-4,FL
FL INVESTMENTS AND ADVISORY INC.,949967-9,FL
FL01 Inc.,1750252-4,FL
FL2 INC.,401272-1,FL
FL95 inc.,1350633-9,FL
TMS FL INC.,372494-8,FL
Solution FL Inc.,683193-1,FL
FL. ZHANG INC.,819629-0,FL
FL PHARM INC.,1349530-2,FL
Ressources FL Lt&eacute;e,1463603-1,FL
FL Sport Inc.,1722334-0,FL
FL&amp;A Pharmacy Inc.,1344606-9,FL
AGILE FL MANAGEMENT INC.,951637-9,FL
FL BUSINESS YEA INC.,1720631-3,FL
FL Connecting Culture Corp.,1486349-6,FL
FL Immigration Consultant Inc.,1365242-4,FL
SOINS EXPERTS FL INC.,1474235-4,FL
HOSTESS-FL NRO LTD.,230998-0,FL
FL - FUNDRAISING LEAGUE INC.,879406-5,FL
GESTION FR&Eacute;D&Eacute;RICK FL INC.,1283485-5,FL
RESSOURCES FL - PLACEMENT LT&Eacute;E,1714222-6,FL
FL340&amp;ELR Consultants Inc.,977429-7,FL
AB-FL Wealth Management Corporation,1068299-3,FL
FL Heating &amp; Air Conditioning Inc.,819287-1,FL
Les D&ocirc;mes FL Qu&eacute;bec Inc.,371022-0,FL
GESTION IMMOBILI&Egrave;RE RESSOURCES FL LT&Eacute;E,1702894-6,FL
PSP H2O FL GP INC.,964103-3,FL
Les Investissements S.A.T.O. (FL) Inc.,383232-5,FL
"literacy.FM, Inc.",1398537-7,FM
FM&sup2; INVESTMENTS INC.,1623479-8,FM
FM&sup2; INVESTMENTS INC.,1671110-3,FM
FM ONE ALLIANCE CORP.,372251-1,FM
FM MAILING SERVICES INC.,404816-4,FM
SERVICES FM NET INC.,932372-4,FM
FM Marine &amp; Sport Equipment Inc.,267562-5,FM
R2FM DESIGN SERVICES LTD.-,090378-7,FM
FM14444 INC.,421522-2,FM
able.fm INC.,849697-8,FM
FM AESTHETICS INC.,1226423-4,FM
Afterhours.FM Inc.,695728-5,FM
FM-CFS CANADA,323223-9,FM
CEAD FM LIMITED,609269-1,FM
CEAD FM Limited,797585-6,FM
CFNY-FM LIMITED,155178-7,FM
CHOX FM INC.,272503-7,FM
CION FM INC.,225659-2,FM
CJAB - FM INC.,081888-7,FM
CJMF-FM LTEE,074651-7,FM
CKIK-FM LIMITED,123005-1,FM
&quot;COATICOOK FM INC.&quot;,067917-8,FM
Compass FM Limited,1479468-1,FM
FM SATELLITE CORP.,070915-8,FM
FM INTERACTIVE CORPORATION,356394-4,FM
EZ/FM Corporation,1330000-5,FM
FM DELTA LTD.,064196-1,FM
Desi FM Ltd.,1052187-6,FM
FM&amp;DK Inc.,1393064-5,FM
&Eacute;volution FM inc.,310241-6,FM
FM Stationers Inc.,182716-2,FM
SITE FM LTEE,269895-1,FM
FM SOLUTION INC.,329456-1,FM
SORTIR FM INC.,397257-7,FM
MilCAD FM Inc.,410017-4,FM
Techno.FM INC.,696344-7,FM
UPRISE.FM INC.,816934-9,FM
TREBBLE.FM INC.,849952-7,FM
STRINGS.FM INCORPORATED,856582-1,FM
Studios.fm Inc.,865679-7,FM
FM Limo Ltd.,1021737-9,FM
FM ROBOTICS Inc.,1112511-7,FM
FM NetRoam Inc.,1245213-8,FM
Time FM Tamil,1379882-8,FM
FM TRANS INC.,1406323-6,FM
FM Stores Inc.,1621717-6,FM
GASH FM inc.,1681725-4,FM
Sesh.fm Inc.,1730211-8,FM
Zone1 FM Inc.,1301982-9,FM
FM3G INC.,782333-9,FM
CFIX-FM 97 INC.,211670-7,FM
CKDJ-FM Algonquin Radio,326808-0,FM
FM Angel Care Inc.,1499505-8,FM
FM&amp;B Partners Ltd.,1715992-7,FM
FM Bubble Tea Inc.,1466092-7,FM
FM Business Solutions Ltd.,1181133-9,FM
Not FM Canada Inc.,255711-8,FM
Miss FM Canada Inc.,1582896-1,FM
RADIO CJAO-FM INC.,163196-9,FM
RADIO CKYK FM INC.,289509-9,FM
FM Cloud Consulting Inc.,1182843-6,FM
FM Insight Consulting Ltd.,677152-1,FM
FM CONSULTING SOLUTIONS INC.,1384316-5,FM
FM Innovative Solutions Corporation,962803-7,FM
Crush.FM Radio Inc.,914556-7,FM
DevOps Expert FM Ltd.,1311572-1,FM
RG &amp; FM ENTERPRISES LTD.,1507891-1,FM
FM Financial Solutions Inc.,645476-3,FM
RADIO QX-FM INC.,302457-1,FM
SOURCE FM LOGISTICS LTD.,382720-8,FM
Ulive.fm Network Inc.,715726-6,FM
SkidSteer Service FM Inc.,1134928-7,FM
RED FM TAMIL LTD.,1175842-0,FM
FM North Store Inc.,1312039-2,FM
Importations Internationales FM inc.,1320513-4,FM
Front Left FM Inc,1670037-3,FM
NUL FM Radio Inc.,1759063-6,FM
FM1 Consulting Services Inc.,1764743-3,FM
THE COAST 104.1 FM INC.,686274-8,FM
R2FM CONSULTING INC.,395963-5,FM
Fm8 Kitchen Plus Inc.,1655286-2,FM
National ME/FM Action Network,293001-3,FM
SOCIETE COMMERCIALE ADIMEX FM INC.,200029-6,FM
FM Welding and Safety Ltd.,728774-7,FM
RESEAU DES APPALACHES (FM) LTEE,239428-6,FM
CIBM-FM MONT BLEU LTEE,208931-9,FM
CANADIAN TIME FM BROADCASTING CORP.,1457445-1,FM
BROOKFIELD GLOBAL FM GP LTD.,864387-3,FM
SERCO FM (NEW BRUNSWICK) INC.,300893-2,FM
RADIO FM DU NORD LTEE,037480-6,FM
FM MULTI-TECH SOLUTIONS LTD.,675728-6,FM
FM4DAB Materials Consulting Inc.,1369090-3,FM
LES PRODUCTIONS AM FM CANADA LTEE,222648-1,FM
FM Home Design Renovation &amp; Construction Ltd.,1612482-8,FM
FM Global Pet Supplies and Services Limited,776535-5,FM
SEAWAY M.E./FM SELF HELP GROUP,797781-6,FM
CKRK K-103 FM MOHAWK RADIO KAHNAWAKE ASSOCIATION,308505-8,FM
FN DIVERTISSEMENT INC.,1113735-2,FN
Fn Apparel Inc.,1731814-6,FN
FN Capital Corporation,972142-8,FN
Neon FN Corp.,1314355-4,FN
FN Keys Ltd.,1125799-4,FN
FN Mint Inc.,1655742-2,FN
FN VENTURES INC.,1730351-3,FN
FN Restoration Ltd.,1740594-4,FN
INVEST 3FN INC.,1044335-2,FN
AGRI 3FN INC.,1044340-9,FN
FN BATHROOM SPECIALIST INC.,1343933-0,FN
FN NANO CANADA INC.,1163111-0,FN
Chegahno FN Development Corporation,1745907-6,FN
FN Crypto Exchange Inc.,1705432-7,FN
FN Telecom Operations Inc.,646902-7,FN
TRANS RAIL FN 27 INC.,850570-5,FN
TRANS RAIL FN 27 INC.,960671-8,FN
Newmont Canada FN Holdings Limited,445437-5,FN
FN Strategies &amp; Consulting services Inc.,1593525-3,FN
LOCATION D&#39;&Eacute;QUIPEMENTS FN INC.,311893-2,FN
Sky Solar FIT5FN Inc.,818118-7,FN
FN Bio-Medical Software Solutions Inc.,605847-7,FN
FN First Nation IT Consulting Inc.,1458774-0,FN
Sky Solar FIT4 FN1 GP Inc.,947075-1,FN
Sky Solar FIT4 FN2 GP Inc.,947251-7,FN
HI FO HOLDINGS LTD.,027569-7,FO
GROUPE FO SHO INC.,851566-2,FO
LES PLACEMENTS DU-FO LTEE,016350-3,FO
LES ENTREPRISES AR-FO ELECTRIQUE INC.,289470-0,FO
LES VETEMENTS DE SPORTS FI-FO-FUN INC.,291438-7,FO
MEZ-FO Inc.,1628331-4,FO
BOUCHERIE FO-RAN INC.,069951-9,FO
CAFE FO HO INC.,220172-1,FO
FO Creative Studio Ltd.,1779262-0,FO
GESTION MI-FO INC.,242942-0,FO
SUN FO INTERNATIONAL INC.,330817-1,FO
FO Sunco Holdings Ltd.,703120-3,FO
Fydes FO International Ltd.,1234596-0,FO
BOUTIQUE SKI-FO SPORTS INC.,002256-0,FO
LES MATERIAUX CO FO INC.,085137-0,FO
Fo5ve Bangerz Muzik Inc.,1259765-9,FO
GESTION FO.I.S.I. INC.,200840-8,FO
ANALYSE IMMOBILIERE FO.I.S.I. INC.,197893-4,FO
SOCIETE IMMOBILIERE FO.I.S.I. INC.,197890-0,FO
LE GROUPE FO.I.S.I. INC.,200839-4,FO
EYESTEEL (FP) PRODUCTIONS INC.,787800-1,FP
FP RECETTES QU&Eacute;BECOISE INC.,338932-4,FP
FP NET PUBLISHING INC.,619926-7,FP
FP &amp; P ENTERPRISES INC.,376156-8,FP
COMMANDIT&Eacute; FONDS DE FINANCEMENT D&#39;ENTREPRISES FIERA FP INC.,847897-0,FP
COMMANDIT&Eacute; FONDS D&#39;INVESTISSEMENT IMMOBILIER FIERA FP I INC.,886057-2,FP
FP CANADA,442816-1,FP
FP CANADA,1125249-6,FP
Concepts FP Inc.,808297-9,FP
FP Funding Corporation,699349-4,FP
FP DISTRIBUTORS LTD.,327145-5,FP
FP EQUITIES INC.,1744067-7,FP
FP RESOURCES LIMITED,446670-5,FP
FP NEWSPAPERS INC.,455391-8,FP
FP Genetics Inc.,693706-3,FP
FP Resources Limited,693946-5,FP
SOLMAT FP INC.,709753-1,FP
FP Genetics Inc.,767263-2,FP
FP Resources Limited,913019-5,FP
Gestion FP inc.,1021971-1,FP
FP InterSource Inc.,1134770-5,FP
FP Insights Inc.,1342837-1,FP
FP Lending Inc.,1400149-4,FP
Tierra FP Inc.,1619114-2,FP
NJ2FP INC.,912905-7,FP
FP&amp;A Analytics Inc.,1451656-7,FP
Momentum FP&amp;A Limited,1732835-4,FP
FP Education Advisors Inc.,863011-9,FP
RESOLUTE FP CANADA INC.,771302-9,FP
RESOLUTE FP CANADA INC.,1180838-9,FP
Final FP Systems Ltd.,1049976-5,FP
FP Member Networks Inc.,901102-1,FP
FP-GTA Opportunity Inc.,981083-8,FP
Sunflower Investments FP inc.,983260-2,FP
VICE PRODUCTIONS (FP) INC.,1000480-4,FP
Simple Report FP Inc.,1124041-2,FP
FP&amp;A It Forward Ltd.,1130428-3,FP
Ronnie Chan FP Consulting Inc.,643189-5,FP
FQ Realty Group Inc.,1610384-7,FQ
FQ INDUSTRIAL ENTERPRISES INC.,226994-5,FQ
FQ INDUSTRIAL INVESTMENTS INC.,228129-5,FQ
FQ INDUSTRIAL HOLDINGS INC.,228131-7,FQ
FQ SHOPPING CENTRE ENTERPRISES INC.,226992-9,FQ
FQ Education Canada Inc.,1776075-2,FQ
FQ INDUSTRIAL CONSTRUCTION INC.,226995-3,FQ
FQ Support Services Ltd.,1017575-7,FQ
FONDATION CANADIENNE DU STRESS. FONDATION QUEBECOISE DU STRESS. FCS FQ..,1201726-1,FQ
FR8TRACK LOGISTICS INC.,854354-2,FR
CINEFLIX PRODUCTIONS (MAYDAY 3 - FR) INC.,634053-9,FR
FR1 INC.,770396-1,FR
FR CANADA INC.,932575-1,FR
FR CAPITAL INC.,828118-1,FR
Origin FR Inc.,1170404-4,FR
FR GLOBAL INC.,1345027-9,FR
FR IMMIGRATION INC.,1475255-4,FR
FR Trade Inc.,1547333-1,FR
FR8nex Inc.,844933-3,FR
Fr8ly Inc.,957608-8,FR
FR8 PRO INC.,1568096-4,FR
FR ACCOUNTING PROFESSIONAL CORPORATION,951334-5,FR
Fr Ebube Holyghost Adoration,1452992-8,FR
FR Consulting &amp; Advising Ltd.,1421666-1,FR
FR ASSOCIATES ADVISORY INC.,1510304-5,FR
FR-CAN Management Inc.,685439-7,FR
CHOWDHURY FR. (CANADA) INC.,303226-4,FR
Rasco FR (Canada) Inc.,999652-4,FR
Conseils Informatiques FR Inc.,366099-1,FR
Fr. Emmanuel Sports Inc.,1603423-3,FR
FR MULTI-SERVICES INC.,610758-3,FR
FR Wood Protection Ltd.,881962-9,FR
Sany Nutra Fr Inc.,1259571-1,FR
Les Immeubles FR inc.,1268294-0,FR
FR8ER LOGISTICS INC.,860335-9,FR
Prime FR8 Services Corp.,982662-9,FR
Fr. Abram Avamina Renovations Inc.,1053883-3,FR
FR INDOOR AIR CARE INC.,995386-8,FR
FR Painting and Flooring Inc.,1592698-0,FR
"FR Schwab &amp; Associates Canada, Inc.",292000-0,FR
EXECUTIVE CONSULTING FR &amp; CA INC.,726319-8,FR
International IA &amp; FR Consulting Inc.,731907-0,FR
Fr8eight logistics management Inc.,1414010-9,FR
GROUPE ACACIA FS INC.,1020027-1,FS
Chamanco FS Holdings Inc.,1498148-1,FS
FS VALVE CORPORATION LIMITED,043424-8,FS
FS VALVE MANUFACTURING CO. LTD. -,097315-7,FS
FS Foundation,1448694-3,FS
FS1 INC.,930472-0,FS
3FS Inc.,1602681-8,FS
5Fs Inc.,1410804-3,FS
FS Analytics Inc.,905478-2,FS
FS ATLANTIC INC. -,398055-3,FS
FS Canada Corporation,1239730-7,FS
FS Events Inc.,1015103-3,FS
FOUR FS Inc.,1484888-8,FS
"FS PERSPECTIVE, INC.",383423-9,FS
FS GROUP INC.,403154-7,FS
FS MATERIALS LTD.,416250-1,FS
Zareef FS Inc.,603880-8,FS
FS Trading Ltd.,883068-1,FS
FS Promotions Inc.,1065320-9,FS
FS NEWCO LTD.,1238255-5,FS
FS Tubulars Ltd.,1324105-0,FS
FS IMMO INC.,1382336-9,FS
FS Installations Inc.,1540990-0,FS
FS1 Analytics Inc.,1063621-5,FS
2FS Corporation Inc.,1501158-2,FS
FS ABERIKIA TRANSPORT INC.,1250154-6,FS
J&amp;FS Brothers Corp.,611402-4,FS
FS Building Restoration Ltd.,1132209-5,FS
FS Business Enterprises Inc.,620660-3,FS
JanCo FS Canada Corp.,1363282-2,FS
"FS-ISAC Canada, Inc.",1463068-8,FS
FS INNOVATION CANADA INC.,1752351-3,FS
FS VIDEO COMMUNICATIONS INC.,118770-8,FS
FS STUCCO CONSTRUCTION INC.,1062226-5,FS
Intrust FS Consulting Inc.,1063021-7,FS
FS CPA Professional Corporation,1598324-0,FS
FOUR FS SCHOOLS &amp; DAYCARE,1708517-6,FS
Universal FS Dynastie Inc.,1297123-2,FS
FS FAMILY HOLDINGS INC.,1411981-9,FS
FS FINANCIAL SYSTEMS INC.,977940-0,FS
FS FIND SOLUTIONS INC.,724646-3,FS
FORMA IDEA FS INC.,314492-5,FS
NUNU FS INTERNATIONAL LTD.,809480-2,FS
Fs-Run Services Inc.,959363-2,FS
FS Premium Sant&eacute; Inc.,1253660-9,FS
FS Management Partners Inc.,1371997-9,FS
FS Noshirwani Toronto Inc.,1512256-2,FS
FS4 Productions Canada Ltd.,1174011-3,FS
Ahmed FS Consulting &amp; Training Inc.,1126567-9,FS
FS Signs and Imaging Inc.,993609-2,FS
FS&amp;CO CONTRACTORS CANADA INC.,930352-9,FS
FS&amp;P Canada Holdings Inc.,1108364-3,FS
Film FS (TG QC) Inc.,1697341-8,FS
FS.A4 Global Holdings Inc.,1424643-8,FS
FS Hot N Spicy Grill Inc.,1732183-0,FS
FT Canada Ltd.,365738-8,FT
CMG FT INC.,1258241-4,FT
PA FT CORP.,916190-2,FT
FT Hire Corp.,1019348-8,FT
FT Financials Inc.,1481782-6,FT
ft fitness LTD.,711403-6,FT
Logic FT Inc.,1015971-9,FT
FT-TECH INC.,380859-9,FT
FT Music International,941830-0,FT
FT Renovation Ltd.,1086771-3,FT
KISS FT INC.,1258234-1,FT
GSB FT INC.,1258240-6,FT
FT/MORGAN ACQUISITION CORP.,200935-8,FT
FT Automation Consulting Inc.,1719817-5,FT
AZURE FT TRADING LTD.,1744624-1,FT
FT EnE Canada Inc.,828836-4,FT
FT Software (Canada) Inc.,973752-9,FT
Urban FT (Canada) Inc.,1048764-3,FT
FT Management Consulting Inc.,1565793-8,FT
Les Cr&eacute;ations FT Inc.,1305634-1,FT
Exponential Freedom FT Inc.,1358755-0,FT
EXPONENTIAL FREEDOM FT INC.,1005277-9,FT
FT FERMENTATION (TECHNOLOGIES) INC.,354294-7,FT
FT Forte Solutions Inc.,1290008-4,FT
MARS-FT INTERNATIONAL INC.,1228424-3,FT
FT Global Investment Inc.,1255296-5,FT
L0ft Networks Inc.,1728265-6,FT
Agro-transformation 2FT inc.,1107095-9,FT
50000Ft Aviation Consultants Inc.,901221-4,FT
FT ATLANTIC PRACTICE HOLDINGS INC.,444239-3,FT
FT Targeted Injection Chemicals Ltd.,333028-1,FT
FT TOWN PRODUCE DELIVERY  INC.,1324171-8,FT
FT Square Feet Developments Inc.,1391149-7,FT
FT FLOATING RATE MANAGEMENT INC.,424780-9,FT
MOFFATT SUPPLY FT. MCMURRAY LTD.,800410-2,FT
SQ FT Grow Systems Inc.,1135472-8,FT
FT GLOBAL TRAVEL SERVICES INC.,1546588-5,FT
DECOR N STYLE FT. EDMONTON INC.,1366026-5,FT
FT II FLOATING RATE MANAGEMENT INC.,424013-8,FT
THE NEW FT MCMURRAY MONARCHS EST 2019,1271796-4,FT
CHI FU RESTAURANT INC.,158892-3,FU
FU XI FILMS INC.,393371-7,FU
FU-SHAN LIN ENTERPRISES INC.,274311-6,FU
LILI FU MEDICAL SERVICES INC.,835793-5,FU
FU &amp; P INTERNATIONAL TRADING INC.,264612-9,FU
FU GLOBAL PARTNER SERVICES LIMITED,1650437-0,FU
Canadian Shield Kung Fu Association,1721645-9,FU
WU FU CHANG SO HOLDINGS INC.,182540-2,FU
Club Autod&eacute;fense Dōtaishin-Ryu Gōng Fū,1542046-6,FU
Les raviolis Shanghai Fu Chun Xiao Long Canada Inc.,1113157-5,FU
KUNG FU CANADA,383055-1,FU
Jiu Fu Inc.,408242-7,FU
Fu&amp;Wei Inc.,1019428-0,FU
2023 FU! Productions Inc.,1506699-9,FU
CANADIAN GUNG-FU ASSOCIATION,050929-9,FU
FU CHIN INTERNATIONAL CORP.,275620-0,FU
Fu Chiropody Professional Corporation,938660-2,FU
FU QIANG CONSTRUCTION LTD.,795720-3,FU
TENG FU CONSTRUCTION INC.,1286622-6,FU
Fu Geological Consulting Corporation,706108-1,FU
Tin Fu Consulting Inc.,1758120-3,FU
ENTREPRISE DA FU INC.,198261-3,FU
Digital Kung Fu Inc.,1223475-1,FU
TOY FU INVESTMENTS LTD.,065318-7,FU
FU &amp; YANG INTERNATIONAL INC.,268345-8,FU
KUNG FU NUMERIK INC..,432340-8,FU
Fu Optima Trading Ltd.,607427-8,FU
Fu Ming International Ltd.,648633-9,FU
JIN FU MARKET INC.,691828-0,FU
KUNG FU GROUP INC.,1206057-4,FU
LIU FU INVESTMENT INC.,1235940-5,FU
HENG FU INTERNATIONAL INC.,1565310-0,FU
Kung Fu Pets Inc.,1768209-3,FU
CANADIAN CHINESE MARTIAL ARTS KUNG-FU (WU SU) AND CHINESE BOXING (KUOCHU) FEDERATION INC.,115893-7,FU
NATIONAL KEMPO &amp; KUNG-FU ASSOCIATION,053653-9,FU
FU ZHOU LANG QI ASSOCIATION,874260-0,FU
FU-TECH-BIO RESEARCH INC.,163159-4,FU
Ca-Fu Gold Resources Ltd.,1189111-1,FU
CHEE-FU INVESTMENT CANADA INC.,139886-5,FU
FU-WANG INTERNATIONAL (CANADA) LTD.,1005479-8,FU
Mega Fu Medical Canada Incorporated,1040202-8,FU
Kung-Fu for Christ Canada,1651477-4,FU
FU LU CANADIAN RESIDENCE INC.,1455277-6,FU
CC Fu Sheng Education Inc.,982284-4,FU
FU XING Seniors Wellness Centre,1731039-1,FU
FU CHIN-GELLY INTERNATIONAL CORP.,304969-8,FU
KUNG FU CHOP CHOP Inc.,879862-1,FU
TA-FU TRADING CO. LTD.,091813-0,FU
FU YIP TRADING CO. LTD.,145769-1,FU
HERNG FU HOLDINGS CO. LTD.,196654-5,FU
SAN FU TRADING COMPANY INC.,263722-7,FU
JIA FU RENOVATION &amp; CONSTRUCTION INC.,796198-7,FU
Feng Fu Food Enterprise Inc.,786568-6,FU
Hai Fu Import &amp; Export Ltd.,723232-2,FU
JYL Fu Jin Renovation Ltd.,1280729-7,FU
SHAOLIN KUNG FU SCHOOL LTD.,1420611-8,FU
HONG FU REN WELLNESS INC.,1549769-8,FU
Fu Lin Home Made Inc.,1764195-8,FU
Kung Fu and Wellness Senior Association,1730341-6,FU
Fu&#39;s Subcutaneous Needling Association of Canada,1044295-0,FU
Canadian Shuai Jiao Kung Fu Association,1676356-1,FU
"Fu Hua (Canada) Trading Co., Inc.",978787-9,FU
CHI TAO LI KUNG FU INC.,610090-2,FU
DR. JOYCE FU CHIROPRACTIC PROFESSIONAL CORPORATION,1364481-2,FU
XIN FU RICH ENTERPRISE CO. LTD.,873088-1,FU
Kung Fu Dino Posse Productions Inc.,690330-4,FU
HE FU RESTAURANT EQUIPMENT WHOLESALE INC.,1035890-8,FU
Sacred Shrine Shaolin Kung Fu Ltd.,712854-1,FU
D&amp;A Kung Fu Food Service Ltd.,1096653-3,FU
"ARTISTE KUO LAI FU International Co., Ltd.",260225-3,FU
WU FU JIA JIU Biotechnology Research Institute,1452562-1,FU
CENTRE DE KUNG-FU G.C. INC.,237837-0,FU
ENERGY LAKE KUNG-FU STUDIOS CANADA INC.,228180-5,FU
INSTITUT DE KUNG-FU KAI LEUNG INC.,193155-5,FU
CANADIAN KUNG-FU AND TAI CHI FEDERATION INC.,136770-6,FU
TIGER CLAW SCHOOL OF GUNG FU (CANADA) LIMITED,082212-4,FU
WING HON FU TAE KWON-DO SCHOOL INC.,253077-5,FU
&quot;CHOY LEE FAT KUNG FU&quot; ATHLETIC ASSOCIATION OF CANADA,426798-2,FU
"YongChun KanTeckGuan: Kung Fu, Lion Dance, and Chinese Medicine Association",1004513-6,FU
F&Eacute;D&Eacute;RATION INTERNATIONALE DE SHAOLIN WING-CHUN NAM-ANH KUNG FU,215860-4,FU
HMD/FV Inc.,1489280-1,FV
FV STORM CDA INC.,1168617-8,FV
FV CyberServices Plus Incorporated,617418-3,FV
FV TRAVEL CLUB (CANADA) INC.,402593-8,FV
FV TRAVEL CLUB (INTERNATIONAL) INC.,402592-0,FV
FV Mall (III) Equities Inc.,1757979-9,FV
LES SERVICES SNC/FW INC.,054615-1,FW
FW ENERGY PRODUCTS &amp; SERVICES LTD.,069307-3,FW
FW empire Corporation,1043162-1,FW
FW INTERACTIVE INC.,377014-1,FW
FW HOLDINGS LTD.,774854-0,FW
FW1 Productions Inc.,1001384-6,FW
FW Focus Innovations Inc.,798770-6,FW
FW INTERNATIONAL JEWELLERY LIMITED,661479-5,FW
Plumb Tree FW Inc.,662399-9,FW
FW.ACADEMY Online Training Inc.,1520004-1,FW
FW Smoke Signal Distribution Ltd.,1622428-8,FW
FW.VISION Futures Thinking Inc.,1519683-3,FW
IDREAM FX CORPORATION,378042-2,FX
FX COSM&Eacute;TIQUES INC.,938568-1,FX
Fidelity FX Inc.,1667454-2,FX
PROMOTIONAL FX INC.,627797-7,FX
Raptor FX Limited,1490296-3,FX
FX MANAGEMENT GROUP INC.,429836-5,FX
FX-ON-NET INC.,618289-5,FX
INVESTISSEMENTS KILLERPIPS FX INC.,1074880-3,FX
LES FONDS CAPITAL 3 FX INC.,400934-7,FX
Les Solutions de paiement FX Billing CAN Inc.,1025662-5,FX
FX49 Inc.,782653-2,FX
FX-9 Incorporated,871686-2,FX
AACAPITALS FX INC.,1493043-6,FX
ACE FX Inc.,1353013-2,FX
Aie Fx Inc.,1169857-5,FX
ALLERGY FX INC.,437420-7,FX
AQUARIUM FX CORPORATION,697390-6,FX
Archim&egrave;de FX Inc.,1040050-5,FX
Artifice FX Inc.,816073-2,FX
Authority FX Inc.,692085-3,FX
Bello Fx Inc.,1274839-8,FX
Bonejob FX Inc.,1159893-7,FX
BRAND-FX INC.,1517191-1,FX
Fx Bricks Inc.,996044-9,FX
BT FX Corp.,951248-9,FX
BUTTR FX Inc.,1715678-2,FX
CANADA FX INC.,989834-4,FX
FX CAPITAL LTD.,1362946-5,FX
FX CAPITAL LTD.,771314-2,FX
FX CAPITAL LTD.,771316-9,FX
CELEBRATIONS FX INC.,848266-7,FX
FX CENTER INC.,885611-7,FX
FX-Chamber Inc.,1317150-7,FX
Charmed FX Corporation,687133-0,FX
CLEANER FX CORPORATION,332877-5,FX
Clifton Fx Inc.,1225835-8,FX
FX DRYWALL CORP.,1476844-2,FX
Mensi FX Corp.,1594265-9,FX
Pulse FX Corp.,1634388-1,FX
DOCH FX INC.,1497090-0,FX
FX EMOTION INC.,1024657-3,FX
ESTATE FX INC.,1281450-1,FX
ETRAN FX LTD.,1271489-2,FX
FX-Foods Inc.,629829-0,FX
Future FX Inc.,1125024-8,FX
VIRTUAL FX INC.,294729-3,FX
MODUS FX INC.,443776-4,FX
Outdoor FX Inc.,601553-1,FX
GLASWEAVE FX LTD.,602459-9,FX
Wildwood FX Inc.,619177-1,FX
SIGMA FX INC.,620419-8,FX
HYPGNOSIS FX INC.,651241-1,FX
Nutrition FX Inc.,682373-4,FX
FX Highsummit Inc.,722284-0,FX
MCAP FX Inc.,788727-2,FX
Solid FX Ltd.,792031-8,FX
"Naturo-FX, Inc.",814498-2,FX
FX-Rite INC.,819161-1,FX
FX TIRE LIMITED,876594-4,FX
Youth FX Inc.,911885-3,FX
SMRTnNaked FX Inc.,918874-6,FX
NOVASTAR FX Inc.,946156-6,FX
Peetski FX inc.,962088-5,FX
REPRODECAL-FX INC.,986871-2,FX
Horseman FX Inc.,1038702-9,FX
FX Scalpers Inc.,1177265-1,FX
SamTrade FX Limited,1180217-8,FX
UBUNTU FX LTD.,1299505-1,FX
WIRE FX Inc.,1385932-1,FX
MTL FX Inc.,1446721-3,FX
MEL FX Inc.,1455021-8,FX
STRING FX Inc.,1464553-7,FX
WEBPAGE FX INC.,1483177-2,FX
OVERVIEW FX Inc.,1535213-4,FX
MedSport FX Inc.,1565575-7,FX
Wolvix FX Inc.,1585537-3,FX
fx media inc.,1599376-8,FX
LOEGOL FX Inc.,1661391-8,FX
Spot FX Inc.,1684843-5,FX
PeaceOUT FX Inc.,1742864-2,FX
FX-9 CANADA INC.,382531-1,FX
FX-9 INTERNATIONAL INC.,425516-0,FX
ACTION PANTS FX INC.,1440600-1,FX
Garage Ad Fx Inc.,1589379-8,FX
FALLEN ANGEL FX INC.,682415-3,FX
PIX FX ANIMATION INC.,297363-4,FX
Art FX International Inc.,770957-9,FX
BIG SMOKE FX INC.,833476-5,FX
FX BIOSCIENCE CANADA CORP.,1095410-1,FX
Bomb Shell FX Inc.,1151437-7,FX
BOOST WORLD FX Incorporated,1139152-6,FX
BTB FX TESSIER INC.,442364-0,FX
Synergy Business FX Inc.,888217-7,FX
FX Solutions Canada Inc.,631556-9,FX
FX Pay Canada Inc.,1281535-4,FX
Canada FX Fund Inc.,1322121-1,FX
FX SWIFT CANADA INC.,1377416-3,FX
FX Productions Canada inc.,1503248-2,FX
Spirit FX Canada Inc.,1563762-7,FX
"Fx Capital Traders, Ltd.",907841-0,FX
Capital Design FX Inc.,1314985-4,FX
TASCMET CLINICAL FX INC.,843788-2,FX
FLUO FX.COM INC.,393832-8,FX
FX COMMERCIAL HOUSE Inc.,911817-9,FX
FX CORPORATE CONCEPTS INC.,342556-8,FX
Dyn-FX Consulting Ltd.,389897-1,FX
FX Global Investments Corp.,622653-1,FX
Pulse FX International Corp.,1669087-4,FX
NU Learning FX Corporation,608562-8,FX
FX CURRENCY MANAGEMENT INC.,616777-2,FX
DRAGON FX SOFTWARE INC.,947206-1,FX
EQUITY FINANCIAL FX INC.,452469-1,FX
FAIR EXCHANGE (FX) INC.,270449-8,FX
FX Faucet Fix Inc.,242515-7,FX
VS FX FINANCIAL LIMITED,1310253-0,FX
Total FX Fitness INC.,730987-2,FX
Fortune Traders FX Inc.,648572-3,FX
Sunrise ZS-FX Inc.,1362733-1,FX
Studio FX Multimedia Inc.,603977-4,FX
JW STREET FX INC.,607637-8,FX
TECHNICAL FX MANAGEMENT INC.,635253-7,FX
FX TRADE GROUP INC.,683855-3,FX
NET TRADE FX INC.,754801-0,FX
Morot FX Studio Inc.,791014-2,FX
PEE WEE FX Inc.,918872-0,FX
FX Mindpower Systems Inc.,1149224-1,FX
Simple FX Trading Inc.,1267330-4,FX
INVESTISSEMENTS FX ROBERT INC.,1267341-0,FX
Mondo FX Studio Inc.,1537788-9,FX
Noise Lab FX Incorporated,1645519-1,FX
LEO 3D FX INC.,388345-1,FX
Fx3x Canada Inc.,1039592-7,FX
3600 FX Tessier Holding Inc.,1449171-8,FX
6ix Car Fx Inc.,1305367-9,FX
BIG BANG FX/ANIMATION INC.,375615-7,FX
bcIMC SIIF FX Investment Corporation,448538-6,FX
Blue Mind FX Trading Inc.,1176594-9,FX
THE LAKE FX COMPANY  Inc.,1370591-9,FX
Fara-Marz FX Exchange Ltd.,1701100-8,FX
FX TRAINER FINANCIAL SERVICES INC.,611655-8,FX
For the People FX Inc.,1208092-3,FX
Veni vidi vici FX inc.,630852-0,FX
R.M.FX TRADING INC.,1507751-6,FX
Neptune AI Macro FX Fund Ltd.,892891-6,FX
TNW Graphics FX and Design Corporation,657137-9,FX
L Solomon Asset &amp; FX Management Inc.,1052059-4,FX
bcIMC (WCBAF) SIIF FX Investment Corporation,448537-8,FX
SPECIAL FX FAX &amp; DATA SERVICES INC.,242730-3,FX
The FX Office Global Media Inc.,688758-9,FX
TECH FX: A NOT FOR PROFIT SCIENCE AND TECHNOLOGY COMMUNICATIONS COMPANY,280351-8,FX
FY Enterprise Ltd.,1402171-1,FY
FUSIONLUMIERE FY INC.,413667-5,FY
FY Trading Co. Ltd.,1738619-2,FY
FY&#39;s Delicious Foods Inc.,1329766-7,FY
FY Global Holdings Inc.,1771279-1,FY
FY INTERNATIONAL AUDITING &amp; CONSULTING CORP.,420400-0,FY
FY Data Shield Consulting Inc.,1671638-5,FY
LOCATION FZ INC.,136803-6,FZ
FZ Strapping INC.,1025393-6,FZ
FZ Homes Inc.,1367223-9,FZ
FZ TechLand Inc.,1513311-4,FZ
FZ Asset Management Inc.,1652498-2,FZ
FZ Business Consulting Inc.,1190593-7,FZ
FZ Consulting Canada Corp.,796183-9,FZ
FZ Fine Foods Ltd.,1323764-8,FZ
