domain,email,trade,city,source_url,scraped_at
crescentmovingandstorage.com,sales@crescentmovingandstorage.com,movers,Vancouver,https://crescentmovingandstorage.com/,2026-04-01T05:06:43.689543+00:00
alphamovefreight.com,crownmover@hotmail.com,movers,Vancouver,https://alphamovefreight.com/,2026-04-01T05:06:57.261019+00:00
beaconbrightmovers.ca,info@beaconbrightmovers.ca,movers,Vancouver,https://beaconbrightmovers.ca/,2026-04-01T05:07:36.329877+00:00
whitbyandtowermoving.ca,info@whitbyandtowermoving.ca,movers,Vancouver,https://whitbyandtowermoving.ca/,2026-04-01T05:07:42.633250+00:00
whitbyandtowermoving.ca,whitbyandtowermoving@outlook.com,movers,Vancouver,https://whitbyandtowermoving.ca/,2026-04-01T05:07:42.633250+00:00
whitbyandtowermoving.ca,paul@whitbyandtowermoving.ca,movers,Vancouver,https://whitbyandtowermoving.ca/contact,2026-04-01T05:07:46.607243+00:00
whitbyandtowermoving.ca,bill@whitbyandtowermoving.ca,movers,Vancouver,https://whitbyandtowermoving.ca/contact,2026-04-01T05:07:46.607243+00:00
pods.com,u003epressrequest@pods.com,movers,Vancouver,https://pods.com/contact-us,2026-04-01T05:08:24.907406+00:00
pods.com,pressrequest@pods.com,movers,Vancouver,https://pods.com/contact-us,2026-04-01T05:08:24.907406+00:00
bcmovers.com,operations@bcmovers.com,movers,Vancouver,https://bcmovers.com/,2026-04-01T05:09:44.778545+00:00
